plasma1.fb,tep_fep.to_SDS_Fraction[1],i_iss.T,blanket.TBR
0.01421875,0.3125,9.03125,1.159375
0.022656250000000003,0.3125,9.03125,1.159375
0.01421875,0.8375,9.03125,1.159375
0.01421875,0.3125,9.96875,1.159375
0.01421875,0.3125,9.03125,1.184375
0.01421875,0.8375,9.96875,1.184375
0.022656250000000003,0.3125,9.96875,1.184375
0.022656250000000003,0.8375,9.03125,1.184375
0.022656250000000003,0.8375,9.96875,1.159375
